method,Full EM,Java EM,Java std
function,0.24205833333333335,0.22309444444444443,0.009647197489702448
declaration,0.2770527777777778,0.26942222222222223,0.020588080937336443
sliding,0.28395000000000004,0.26509027777777777,0.02189113371054638
cast,0.2819361111111111,0.27624305555555556,0.02544603694420575
