method,EM,std,n
baseline,0.0531,0.03620027624203992,5
cast,0.17347333333333334,0.0927050061625464,180
declaration,0.16477611111111112,0.09417155293102106,180
function,0.13656833333333335,0.0873643609342649,180
sliding,0.17377,0.09422367474622055,180
