method,EM,std,n
baseline,0.054233333333333335,0.04337848929288955,3
cast,0.16649999999999998,0.09623710497428616,108
declaration,0.15694537037037037,0.0967721066866472,108
function,0.13107037037037036,0.08958161032417737,108
sliding,0.1577,0.10146656002712576,108
