method,EM,EM_std,ES,ES_std
baseline,0.09140000000000001,0.018243354954612934,62.478049999999996,1.035275038335218
cast,0.2819361111111111,0.032473938870889965,73.80610138888889,1.7197388525540627
declaration,0.2770527777777778,0.026426586976329883,73.35267777777777,1.5067863596355413
function,0.24205833333333335,0.018098165419436717,71.6718638888889,0.9770033160244095
sliding,0.28395000000000004,0.033676832007843424,73.78760416666667,1.7676129699887742
