method,EM,std,n
baseline,0.09140000000000001,0.018243354954612934,2
cast,0.2819361111111111,0.032473938870889965,72
declaration,0.2770527777777778,0.026426586976329883,72
function,0.24205833333333335,0.018098165419436717,72
sliding,0.28395000000000004,0.033676832007843424,72
