method,EM,std,n
baseline,0.04675,0.03845079106251695,4
cast,0.14998055555555556,0.08843590644834001,144
declaration,0.13997291666666667,0.0889148553343359,144
function,0.11375972222222222,0.0831452619824611,144
sliding,0.1500152777777778,0.08997529988909227,144
